[{"model": "enquisas.enquisa", "pk": 1, "fields": {"pregunta": "¿E lojo?", "data_creacion": "2023-11-17T12:12:52.899Z", "dias_activo": 3, "imaxe": "", "usuarios_que_votaron": []}}, {"model": "enquisas.enquisa", "pk": 2, "fields": {"pregunta": "¿Subes ou baixas?", "data_creacion": "2023-11-17T12:14:37.090Z", "dias_activo": 3, "imaxe": "", "usuarios_que_votaron": [1]}}, {"model": "enquisas.enquisa", "pk": 9, "fields": {"pregunta": "pregunta3", "data_creacion": "2023-12-14T08:41:02.678Z", "dias_activo": 10, "imaxe": "", "usuarios_que_votaron": [1]}}, {"model": "enquisas.enquisa", "pk": 10, "fields": {"pregunta": "pregunta4", "data_creacion": "2023-12-14T09:49:57.979Z", "dias_activo": 6, "imaxe": "", "usuarios_que_votaron": []}}, {"model": "enquisas.enquisa", "pk": 11, "fields": {"pregunta": "pregunta5", "data_creacion": "2023-12-14T09:59:54.754Z", "dias_activo": 5, "imaxe": "", "usuarios_que_votaron": [1]}}, {"model": "enquisas.enquisa", "pk": 12, "fields": {"pregunta": "pregunta6", "data_creacion": "2023-12-14T10:06:37.152Z", "dias_activo": 3, "imaxe": "", "usuarios_que_votaron": [1]}}, {"model": "enquisas.enquisa", "pk": 13, "fields": {"pregunta": "Que día é hoxe?", "data_creacion": "2023-12-15T11:40:56.876Z", "dias_activo": 3, "imaxe": "", "usuarios_que_votaron": []}}, {"model": "enquisas.enquisa", "pk": 14, "fields": {"pregunta": "Que día é hoxe?", "data_creacion": "2023-12-15T11:40:56.876Z", "dias_activo": 3, "imaxe": "", "usuarios_que_votaron": []}}, {"model": "enquisas.enquisa", "pk": 15, "fields": {"pregunta": "¿Q día é hoxe?", "data_creacion": "2024-01-17T07:49:34.534Z", "dias_activo": 3, "imaxe": "", "usuarios_que_votaron": [1]}}, {"model": "enquisas.enquisa", "pk": 16, "fields": {"pregunta": "fdsafdsfdsa fdsa fdsa fs", "data_creacion": "2024-01-29T16:42:07.264Z", "dias_activo": 3, "imaxe": "", "usuarios_que_votaron": []}}, {"model": "enquisas.enquisa", "pk": 17, "fields": {"pregunta": "fdsarwqy fddsa fs", "data_creacion": "2024-01-29T16:55:40Z", "dias_activo": 3, "imaxe": "images/flor_0gaQCHY.jpeg", "usuarios_que_votaron": [1]}}, {"model": "enquisas.enquisa", "pk": 18, "fields": {"pregunta": "fdsafdsafd", "data_creacion": "2024-02-01T10:21:44Z", "dias_activo": 5, "imaxe": "images/flor_Orx53Cm.jpeg", "usuarios_que_votaron": [2]}}, {"model": "enquisas.enquisa", "pk": 19, "fields": {"pregunta": "Cando é o exame?", "data_creacion": "2024-02-01T10:21:44.871Z", "dias_activo": 6, "imaxe": "", "usuarios_que_votaron": []}}, {"model": "enquisas.enquisa", "pk": 20, "fields": {"pregunta": "hola hola", "data_creacion": "2024-02-01T10:21:44.871Z", "dias_activo": 43, "imaxe": "", "usuarios_que_votaron": []}}, {"model": "enquisas.enquisa", "pk": 21, "fields": {"pregunta": "dsafdsa", "data_creacion": "2024-02-02T11:44:53.208Z", "dias_activo": 6, "imaxe": "", "usuarios_que_votaron": []}}, {"model": "enquisas.enquisa", "pk": 22, "fields": {"pregunta": "Estades atendendo?", "data_creacion": "2024-02-02T11:44:53.208Z", "dias_activo": 1, "imaxe": "", "usuarios_que_votaron": []}}, {"model": "enquisas.enquisa", "pk": 23, "fields": {"pregunta": "¿Que pasa?", "data_creacion": "2024-02-02T11:53:53.734Z", "dias_activo": 34, "imaxe": "images/flor_07wSqR2.jpeg", "usuarios_que_votaron": []}}, {"model": "enquisas.opcion", "pk": 1, "fields": {"texto_opcion": "E lojo si", "enquisa": 1, "votos": 7}}, {"model": "enquisas.opcion", "pk": 2, "fields": {"texto_opcion": "E lojo non", "enquisa": 1, "votos": 5}}, {"model": "enquisas.opcion", "pk": 3, "fields": {"texto_opcion": "El ojo lo perdí en la jerra", "enquisa": 1, "votos": 5}}, {"model": "enquisas.opcion", "pk": 4, "fields": {"texto_opcion": "¿E lojo por que o prejuntas?", "enquisa": 2, "votos": 1}}, {"model": "enquisas.opcion", "pk": 5, "fields": {"texto_opcion": "Si", "enquisa": 2, "votos": 0}}, {"model": "enquisas.opcion", "pk": 6, "fields": {"texto_opcion": "Se cadra si, se cadra non", "enquisa": 2, "votos": 0}}, {"model": "enquisas.opcion", "pk": 7, "fields": {"texto_opcion": "opcion1", "enquisa": 9, "votos": 3}}, {"model": "enquisas.opcion", "pk": 8, "fields": {"texto_opcion": "opcion2", "enquisa": 9, "votos": 3}}, {"model": "enquisas.opcion", "pk": 9, "fields": {"texto_opcion": "opcion3", "enquisa": 9, "votos": 0}}, {"model": "enquisas.opcion", "pk": 10, "fields": {"texto_opcion": "opcion4", "enquisa": 9, "votos": 0}}, {"model": "enquisas.opcion", "pk": 11, "fields": {"texto_opcion": "opcion1", "enquisa": 11, "votos": 1}}, {"model": "enquisas.opcion", "pk": 12, "fields": {"texto_opcion": "opcion2", "enquisa": 11, "votos": 0}}, {"model": "enquisas.opcion", "pk": 13, "fields": {"texto_opcion": "opción3", "enquisa": 11, "votos": 0}}, {"model": "enquisas.opcion", "pk": 14, "fields": {"texto_opcion": "opcion1", "enquisa": 12, "votos": 0}}, {"model": "enquisas.opcion", "pk": 15, "fields": {"texto_opcion": "opcion1", "enquisa": 12, "votos": 0}}, {"model": "enquisas.opcion", "pk": 16, "fields": {"texto_opcion": "opcion1", "enquisa": 12, "votos": 0}}, {"model": "enquisas.opcion", "pk": 17, "fields": {"texto_opcion": "opcion4", "enquisa": 12, "votos": 0}}, {"model": "enquisas.opcion", "pk": 18, "fields": {"texto_opcion": "opcion4", "enquisa": 12, "votos": 1}}, {"model": "enquisas.opcion", "pk": 19, "fields": {"texto_opcion": "opcion_pi", "enquisa": 12, "votos": 0}}, {"model": "enquisas.opcion", "pk": 20, "fields": {"texto_opcion": "Un burro por tu casa", "enquisa": 12, "votos": 0}}, {"model": "enquisas.opcion", "pk": 21, "fields": {"texto_opcion": "opcion_pi", "enquisa": 12, "votos": 0}}, {"model": "enquisas.opcion", "pk": 22, "fields": {"texto_opcion": "luns", "enquisa": 15, "votos": 1}}, {"model": "enquisas.opcion", "pk": 23, "fields": {"texto_opcion": "martes", "enquisa": 15, "votos": 0}}, {"model": "enquisas.opcion", "pk": 24, "fields": {"texto_opcion": "mércores", "enquisa": 15, "votos": 0}}, {"model": "admin.logentry", "pk": 1, "fields": {"action_time": "2023-12-14T08:40:28.107Z", "user": 1, "content_type": 1, "object_id": "4", "object_repr": "4 - asfdsafdsa", "action_flag": 3, "change_message": ""}}, {"model": "admin.logentry", "pk": 2, "fields": {"action_time": "2023-12-14T08:40:33.207Z", "user": 1, "content_type": 1, "object_id": "6", "object_repr": "6 - pregunta2", "action_flag": 3, "change_message": ""}}, {"model": "admin.logentry", "pk": 3, "fields": {"action_time": "2023-12-14T08:40:36.444Z", "user": 1, "content_type": 1, "object_id": "7", "object_repr": "7 - pregunta3", "action_flag": 3, "change_message": ""}}, {"model": "admin.logentry", "pk": 4, "fields": {"action_time": "2023-12-14T08:40:39.446Z", "user": 1, "content_type": 1, "object_id": "8", "object_repr": "8 - pregunta3", "action_flag": 3, "change_message": ""}}, {"model": "admin.logentry", "pk": 5, "fields": {"action_time": "2023-12-14T08:40:42.807Z", "user": 1, "content_type": 1, "object_id": "5", "object_repr": "5 - asfdsafdsa", "action_flag": 3, "change_message": ""}}, {"model": "admin.logentry", "pk": 6, "fields": {"action_time": "2023-12-14T08:40:56.018Z", "user": 1, "content_type": 1, "object_id": "3", "object_repr": "3 - ¿Que tal estás hoxe?", "action_flag": 3, "change_message": ""}}, {"model": "admin.logentry", "pk": 7, "fields": {"action_time": "2024-01-11T08:45:03.513Z", "user": 1, "content_type": 6, "object_id": "2", "object_repr": "marcos", "action_flag": 1, "change_message": "[{\"added\": {}}]"}}, {"model": "admin.logentry", "pk": 8, "fields": {"action_time": "2024-01-11T08:52:57.918Z", "user": 1, "content_type": 6, "object_id": "2", "object_repr": "marcos", "action_flag": 2, "change_message": "[{\"changed\": {\"fields\": [\"Staff status\"]}}]"}}, {"model": "admin.logentry", "pk": 9, "fields": {"action_time": "2024-01-26T12:43:47.621Z", "user": 1, "content_type": 6, "object_id": "7", "object_repr": "maria", "action_flag": 1, "change_message": "[{\"added\": {}}]"}}, {"model": "admin.logentry", "pk": 10, "fields": {"action_time": "2024-02-01T10:23:07.480Z", "user": 1, "content_type": 1, "object_id": "18", "object_repr": "18 - fdsafdsafd", "action_flag": 2, "change_message": "[{\"changed\": {\"fields\": [\"Usuarios que votaron\", \"Imaxe\"]}}]"}}, {"model": "admin.logentry", "pk": 11, "fields": {"action_time": "2024-02-01T10:23:43.183Z", "user": 1, "content_type": 1, "object_id": "18", "object_repr": "18 - fdsafdsafd", "action_flag": 2, "change_message": "[{\"changed\": {\"fields\": [\"Imaxe\"]}}]"}}, {"model": "admin.logentry", "pk": 12, "fields": {"action_time": "2024-02-01T10:23:53.406Z", "user": 1, "content_type": 1, "object_id": "17", "object_repr": "17 - fdsarwqy fddsa fs", "action_flag": 2, "change_message": "[{\"changed\": {\"fields\": [\"Usuarios que votaron\", \"Imaxe\"]}}]"}}, {"model": "auth.permission", "pk": 1, "fields": {"name": "Can add enquisa", "content_type": 1, "codename": "add_enquisa"}}, {"model": "auth.permission", "pk": 2, "fields": {"name": "Can change enquisa", "content_type": 1, "codename": "change_enquisa"}}, {"model": "auth.permission", "pk": 3, "fields": {"name": "Can delete enquisa", "content_type": 1, "codename": "delete_enquisa"}}, {"model": "auth.permission", "pk": 4, "fields": {"name": "Can view enquisa", "content_type": 1, "codename": "view_enquisa"}}, {"model": "auth.permission", "pk": 5, "fields": {"name": "Can add opcion", "content_type": 2, "codename": "add_opcion"}}, {"model": "auth.permission", "pk": 6, "fields": {"name": "Can change opcion", "content_type": 2, "codename": "change_opcion"}}, {"model": "auth.permission", "pk": 7, "fields": {"name": "Can delete opcion", "content_type": 2, "codename": "delete_opcion"}}, {"model": "auth.permission", "pk": 8, "fields": {"name": "Can view opcion", "content_type": 2, "codename": "view_opcion"}}, {"model": "auth.permission", "pk": 9, "fields": {"name": "Can add log entry", "content_type": 3, "codename": "add_logentry"}}, {"model": "auth.permission", "pk": 10, "fields": {"name": "Can change log entry", "content_type": 3, "codename": "change_logentry"}}, {"model": "auth.permission", "pk": 11, "fields": {"name": "Can delete log entry", "content_type": 3, "codename": "delete_logentry"}}, {"model": "auth.permission", "pk": 12, "fields": {"name": "Can view log entry", "content_type": 3, "codename": "view_logentry"}}, {"model": "auth.permission", "pk": 13, "fields": {"name": "Can add permission", "content_type": 4, "codename": "add_permission"}}, {"model": "auth.permission", "pk": 14, "fields": {"name": "Can change permission", "content_type": 4, "codename": "change_permission"}}, {"model": "auth.permission", "pk": 15, "fields": {"name": "Can delete permission", "content_type": 4, "codename": "delete_permission"}}, {"model": "auth.permission", "pk": 16, "fields": {"name": "Can view permission", "content_type": 4, "codename": "view_permission"}}, {"model": "auth.permission", "pk": 17, "fields": {"name": "Can add group", "content_type": 5, "codename": "add_group"}}, {"model": "auth.permission", "pk": 18, "fields": {"name": "Can change group", "content_type": 5, "codename": "change_group"}}, {"model": "auth.permission", "pk": 19, "fields": {"name": "Can delete group", "content_type": 5, "codename": "delete_group"}}, {"model": "auth.permission", "pk": 20, "fields": {"name": "Can view group", "content_type": 5, "codename": "view_group"}}, {"model": "auth.permission", "pk": 21, "fields": {"name": "Can add user", "content_type": 6, "codename": "add_user"}}, {"model": "auth.permission", "pk": 22, "fields": {"name": "Can change user", "content_type": 6, "codename": "change_user"}}, {"model": "auth.permission", "pk": 23, "fields": {"name": "Can delete user", "content_type": 6, "codename": "delete_user"}}, {"model": "auth.permission", "pk": 24, "fields": {"name": "Can view user", "content_type": 6, "codename": "view_user"}}, {"model": "auth.permission", "pk": 25, "fields": {"name": "Can add content type", "content_type": 7, "codename": "add_contenttype"}}, {"model": "auth.permission", "pk": 26, "fields": {"name": "Can change content type", "content_type": 7, "codename": "change_contenttype"}}, {"model": "auth.permission", "pk": 27, "fields": {"name": "Can delete content type", "content_type": 7, "codename": "delete_contenttype"}}, {"model": "auth.permission", "pk": 28, "fields": {"name": "Can view content type", "content_type": 7, "codename": "view_contenttype"}}, {"model": "auth.permission", "pk": 29, "fields": {"name": "Can add session", "content_type": 8, "codename": "add_session"}}, {"model": "auth.permission", "pk": 30, "fields": {"name": "Can change session", "content_type": 8, "codename": "change_session"}}, {"model": "auth.permission", "pk": 31, "fields": {"name": "Can delete session", "content_type": 8, "codename": "delete_session"}}, {"model": "auth.permission", "pk": 32, "fields": {"name": "Can view session", "content_type": 8, "codename": "view_session"}}, {"model": "auth.user", "pk": 1, "fields": {"password": "pbkdf2_sha256$720000$WTrogSXEeAKh9ivzQ4Co3o$0ZIP4fCDqp2XQqDwJ/1oodpyt6ppqBNWX18JfsYDX3Q=", "last_login": "2024-01-31T07:42:03.834Z", "is_superuser": true, "username": "admin", "first_name": "", "last_name": "", "email": "admin@exemplo.com", "is_staff": true, "is_active": true, "date_joined": "2023-11-17T12:05:19.180Z", "groups": [], "user_permissions": []}}, {"model": "auth.user", "pk": 2, "fields": {"password": "pbkdf2_sha256$720000$hWNKoKEkLvPq1IidKPwF4S$B3DtTvjYBbzQDF1GxvkvknS0uVo18S/aA90ZOdsxc0o=", "last_login": "2024-01-29T15:34:52.716Z", "is_superuser": false, "username": "marcos", "first_name": "", "last_name": "", "email": "", "is_staff": true, "is_active": true, "date_joined": "2024-01-11T08:45:03Z", "groups": [], "user_permissions": []}}, {"model": "auth.user", "pk": 3, "fields": {"password": "pbkdf2_sha256$720000$aKjzFmTO6lg1WCVMkdvpAs$NYCpf9ROpUtMRzwdZU8V68xmf3nwe+9wb1ztYaU0gkc=", "last_login": "2024-01-17T08:25:39.559Z", "is_superuser": false, "username": "perico", "first_name": "", "last_name": "", "email": "", "is_staff": false, "is_active": true, "date_joined": "2024-01-17T08:25:38.787Z", "groups": [], "user_permissions": []}}, {"model": "auth.user", "pk": 4, "fields": {"password": "pbkdf2_sha256$720000$XG6WDIkaHpT5r4wtibjgQi$IHMrr8JuHar0HymXePYfrhfwD50lfXGamZ7GXVJ2yUw=", "last_login": "2024-01-17T09:10:40.095Z", "is_superuser": false, "username": "perica", "first_name": "", "last_name": "", "email": "", "is_staff": false, "is_active": true, "date_joined": "2024-01-17T09:10:39.351Z", "groups": [], "user_permissions": []}}, {"model": "auth.user", "pk": 5, "fields": {"password": "pbkdf2_sha256$720000$uMwSyIgTkHR1U719Hwb9M2$rxrE9eYibREIIDf+n+1HaeR8liFY2Jhs97TCFdPFwOk=", "last_login": "2024-01-18T07:54:46.109Z", "is_superuser": false, "username": "pepe", "first_name": "", "last_name": "", "email": "", "is_staff": false, "is_active": true, "date_joined": "2024-01-18T07:54:45.332Z", "groups": [], "user_permissions": []}}, {"model": "auth.user", "pk": 6, "fields": {"password": "pbkdf2_sha256$720000$WGjX2hqnvb6BstoREPC1tY$Qqyws2D2qvDMNsLaT1na3J8BZdW5266iC2w7cexmgqI=", "last_login": "2024-01-18T10:17:17.645Z", "is_superuser": false, "username": "Joseluis", "first_name": "Jose", "last_name": "Gonzalez", "email": "jose@gonzalez.com", "is_staff": true, "is_active": true, "date_joined": "2024-01-18T10:16:48.258Z", "groups": [], "user_permissions": []}}, {"model": "auth.user", "pk": 7, "fields": {"password": "pbkdf2_sha256$720000$N4bvNLUhCE8edbWsrO6T1e$B7XdSKAhslr+kKEQerFSmieOhJIfaNfUX4uAcsl2Q6k=", "last_login": "2024-01-30T12:54:49.706Z", "is_superuser": false, "username": "maria", "first_name": "", "last_name": "", "email": "", "is_staff": false, "is_active": true, "date_joined": "2024-01-26T12:43:47.273Z", "groups": [], "user_permissions": []}}, {"model": "contenttypes.contenttype", "pk": 1, "fields": {"app_label": "enquisas", "model": "enquisa"}}, {"model": "contenttypes.contenttype", "pk": 2, "fields": {"app_label": "enquisas", "model": "opcion"}}, {"model": "contenttypes.contenttype", "pk": 3, "fields": {"app_label": "admin", "model": "logentry"}}, {"model": "contenttypes.contenttype", "pk": 4, "fields": {"app_label": "auth", "model": "permission"}}, {"model": "contenttypes.contenttype", "pk": 5, "fields": {"app_label": "auth", "model": "group"}}, {"model": "contenttypes.contenttype", "pk": 6, "fields": {"app_label": "auth", "model": "user"}}, {"model": "contenttypes.contenttype", "pk": 7, "fields": {"app_label": "contenttypes", "model": "contenttype"}}, {"model": "contenttypes.contenttype", "pk": 8, "fields": {"app_label": "sessions", "model": "session"}}, {"model": "sessions.session", "pk": "6hatepb1o6lrur3hynyo0kfarkffucy9", "fields": {"session_data": ".eJxVjEEOwiAQRe_C2hBmWgp16d4zkIEZpGpoUtqV8e7apAvd_vfef6lA21rC1mQJE6uzAnX63SKlh9Qd8J3qbdZprusyRb0r-qBNX2eW5-Vw_w4KtfKtKbMMHfQRPAlnDzFiZo_GsnWdzQZcsin1zgyjoDjBBCMRoGNCI6zeHwCUOH8:1rDghV:2DNFY_f9ram8ocprFBcG74yhu2GSC-yCHr34kZpm7lk", "expire_date": "2023-12-28T08:04:09.446Z"}}, {"model": "sessions.session", "pk": "bmzh7n5ndj2s71d7qdl8yuymrxj1ciyi", "fields": {"session_data": "e30:1rQoSO:3DkeqBb9bqFmHZ4BBwRWpl_raZBngfy_49sOiLr-IHg", "expire_date": "2024-02-02T12:58:48.444Z"}}, {"model": "sessions.session", "pk": "gcj0fz0j923fq6nkavksowg0yd3a4cnc", "fields": {"session_data": ".eJxVjEEOwiAQRe_C2hBmWgp16d4zkIEZpGpoUtqV8e7apAvd_vfef6lA21rC1mQJE6uzAnX63SKlh9Qd8J3qbdZprusyRb0r-qBNX2eW5-Vw_w4KtfKtKbMMHfQRPAlnDzFiZo_GsnWdzQZcsin1zgyjoDjBBCMRoGNCI6zeHwCUOH8:1rAB08:2DaT8G4WsvSHklMdyMWkwrZYWlU2RXXedBwexRyqaGg", "expire_date": "2023-12-18T15:36:52.538Z"}}, {"model": "sessions.session", "pk": "hli42b643c876ac5mhvlphi4k62dmfe5", "fields": {"session_data": ".eJxVjMsOwiAQRf-FtSEFhocu3fcbCMwMUjU0Ke3K-O_apAvd3nPOfYmYtrXGrfMSJxIXocTpd8sJH9x2QPfUbrPEua3LlOWuyIN2Oc7Ez-vh_h3U1Ou3BvLBgVWkFGkoIWhnPBI51EUBkrfsMYFhzMVo7yANg3asM1gDZ_bi_QHS0jd0:1rQodB:HKL5h3llF7GwfoQQxSfg9AhnK2HQ-tpmdZIezfVAI8g", "expire_date": "2024-02-02T13:09:57.352Z"}}, {"model": "sessions.session", "pk": "qb0awfu2gtpcoq64ejwl03n1zao9kk2d", "fields": {"session_data": ".eJxVjEEOwiAQRe_C2hBmWgp16d4zkIEZpGpoUtqV8e7apAvd_vfef6lA21rC1mQJE6uzAnX63SKlh9Qd8J3qbdZprusyRb0r-qBNX2eW5-Vw_w4KtfKtKbMMHfQRPAlnDzFiZo_GsnWdzQZcsin1zgyjoDjBBCMRoGNCI6zeHwCUOH8:1r3xbO:Dud7uLdjwaH-CCG80_w_ieF6EMVtfyy-fJ9781JKCto", "expire_date": "2023-12-01T12:05:38.723Z"}}, {"model": "sessions.session", "pk": "s9uvi9ldhaswl19zhlu7uf2x6gzv9lvu", "fields": {"session_data": ".eJxVjMsOwiAQRf-FtSEFhocu3fcbCMwMUjU0Ke3K-O_apAvd3nPOfYmYtrXGrfMSJxIXocTpd8sJH9x2QPfUbrPEua3LlOWuyIN2Oc7Ez-vh_h3U1Ou3BvLBgVWkFGkoIWhnPBI51EUBkrfsMYFhzMVo7yANg3asM1gDZ_bi_QHS0jd0:1rQPSu:fSe5Em0Pbom3YNl9G5rDw8DdeFp4fzDzsUnuViRalTc", "expire_date": "2024-02-01T10:17:40.208Z"}}, {"model": "sessions.session", "pk": "sfhbgqbnrdmbu1oo9lfiygkqh9mkug8u", "fields": {"session_data": ".eJxVjMsOwiAQAP-FsyHdymPx6N1vILAsUjWQlPZk_HdD0oNeZybzFj7sW_F759UvSVwEiNMvi4GeXIdIj1DvTVKr27pEORJ52C5vLfHrerR_gxJ6GdtI1ia0OAFqnpxS6JJWmcBl4-KsTCDOZEGDSchWcdDGAJ5nkwGcFp8vy2Y3Bw:1rV5ER:sbbcHXRXBtNI13m1jsI4mYMcBhbKNXMbbWR2dVP0Pkw", "expire_date": "2024-02-14T07:42:03.845Z"}}]